reward_A,loss_A,reward_B,loss_B,reward_C,loss_C,reward_D,loss_D,reward_E,loss_E,reward_F,loss_F,reward_G,loss_G
0.8333334,1.0,0.5,1.0,0.4166667,1.0,0.75,1.0,0.5,1.0,0.44444445,1.0,0.6458333333333334,1.0
0.8333334,0.0,0.5,0.0,0.4166667,0.0,0.75,0.0,0.5,0.0,0.44444445,0.0,0.6458333333333334,0.0
0.8333334,0.0,0.5,0.0,0.4166667,0.0,0.75,0.0,0.5,0.0,0.44444445,0.0,0.6458333333333334,0.0
0.8333334,0.0,0.5,0.0,0.4166667,0.0,0.75,0.0,0.5,0.0,0.44444445,0.0,0.6458333333333334,0.0
0.8333334,0.0,0.5,0.0,0.4166667,0.0,0.75,0.0,0.5,0.0,0.44444445,0.0,0.6458333333333334,0.0
