reward_A,loss_A,reward_B,loss_B,reward_C,loss_C,reward_D,loss_D,reward_E,loss_E,reward_F,loss_F,reward_G,loss_G
2.5,3.0,0.5,1.0,1.25,3.0,2.25,3.0,5.0,10.0,1.3333334,3.0,2.4833333333333334,4.0
,,0.5,0.0,1.25,0.0,2.25,0.0,5.0,0.0,1.3333334,0.0,2.4833333333333334,0.0
,,0.5,0.0,1.25,0.0,2.25,0.0,5.0,0.0,1.3333334,0.0,2.4833333333333334,0.0
,,0.5,0.0,1.25,0.0,2.25,0.0,5.0,0.0,1.3333334,0.0,2.4833333333333334,0.0
,,0.5,0.0,1.25,0.0,2.25,0.0,5.0,0.0,1.3333334,0.0,2.4833333333333334,0.0
