reward_A,loss_A,reward_B,loss_B,reward_C,loss_C,reward_D,loss_D,reward_E,loss_E,reward_F,loss_F,reward_G,loss_G
2.25,3.0,0.5,0.5,2.25,3.0,2.25,3.0,8.0,8.0,1.8888888,2.3333332538604736,2.4,3.5
,,0.5,0.0,2.25,0.0,2.25,0.0,8.0,0.0,1.8888888,0.0,2.4,0.0
,,0.5,0.0,2.25,0.0,2.25,0.0,8.0,0.0,1.8888888,0.0,2.4,0.0
,,0.5,0.0,2.25,0.0,2.25,0.0,8.0,0.0,1.8888888,0.0,2.4,0.0
,,0.5,0.0,2.25,0.0,2.25,0.0,8.0,0.0,1.8888888,0.0,2.4,0.0
