reward_A,loss_A,reward_B,loss_B,reward_C,loss_C,reward_D,loss_D,reward_E,loss_E,reward_F,loss_F,reward_G,loss_G
0.8333334,0.9950000047683716,0.5,0.7450000047683716,0.6666667,0.9125000238418579,0.75,0.7475000023841858,0.65,0.8949999809265137,0.5555556,0.7738888263702393,0.6666666666666666,1.0
0.8333334,0.0,0.5,0.2475000023841858,0.75,0.16500002145767212,0.75,0.2475000023841858,0.8,0.1979999989271164,0.7777778,0.27500003576278687,0.65625,0.2738431265625
0.8333334,0.0,0.5,0.0,0.75,0.0,0.75,0.0,0.8,0.0,0.7777778,0.0,0.6770833333333334,0.24379987499999997
0.8333334,0.0,0.5,0.0,0.75,0.0,0.75,0.0,0.8,0.0,0.7777778,0.0,0.6875,0.23652250998750002
0.8333334,0.0,0.5,0.0,0.75,0.0,0.75,0.0,0.8,0.0,0.7777778,0.0,0.6979166666666666,0.11826125499375001
